target_video_id,video_id,start_time_seconds,end_time_seconds,labels,latitude,longitude,time
wqoOX8K8DEU,BHqX1Jxxr5k,160.0,170.0,"[388, 300]",78.40168615242513,-61.37949800109753,1983-10-10 19:03:04
wqoOX8K8DEU,oKQ81e_wp1s,90.0,100.0,"[388, 300]",62.46217381044284,-104.13340396172288,1987-03-11 10:23:30
wqoOX8K8DEU,arzwG4Naoyk,30.0,40.0,"[512, 137]",55.95091787387605,-67.36411320303726,2003-11-11 04:54:56
wqoOX8K8DEU,lvtAPn1aqQc,30.0,40.0,[388],81.64624736554423,-117.73347066831934,1989-11-02 07:42:59
wqoOX8K8DEU,TqRr8JTH-hM,290.0,300.0,"[388, 300]",62.54302766215136,-72.96343954139931,2013-04-22 08:43:24
wqoOX8K8DEU,yCDloqQe65k,30.0,40.0,[137],70.55271034894471,-52.88083539858855,2014-07-28 00:33:04
wqoOX8K8DEU,03NLMEMi8-I,30.0,40.0,[388],66.10240003356164,-136.20060907346175,1985-07-09 23:45:45
wqoOX8K8DEU,4ekovmvm3jM,30.0,40.0,[388],43.13560622270428,-103.63984147985042,2017-05-05 04:09:02
wqoOX8K8DEU,bo_KcZvGHJw,30.0,40.0,"[388, 300]",78.8326469966434,-57.97345081428193,2001-01-06 18:56:48
wqoOX8K8DEU,lXZvyoTPpoc,10.0,20.0,"[388, 300]",48.4234042170633,-81.16997025015652,2002-02-19 03:24:00
wqH6Sj_h948,ByZD9ujkkB4,50.0,60.0,"[0, 507, 388]",59.23560644226074,-132.22598754977815,2014-09-07 22:51:15
wqH6Sj_h948,6kijTMUqcMI,0.0,10.0,"[0, 471]",55.682385805380775,-121.64047057285174,2002-10-25 16:28:57
wqH6Sj_h948,DgCDlrzqgdM,150.0,160.0,"[137, 506, 524]",51.33013547574285,-88.82345915378173,1982-12-07 02:42:08
wqH6Sj_h948,4ZiThDAClro,80.0,90.0,"[0, 465, 471]",61.25568073242943,-110.74027832098167,2013-01-23 16:53:32
wqH6Sj_h948,2VdwCzcA4mk,0.0,10.0,[458],79.67825490232983,-131.79558591020512,2019-05-11 03:24:42
wqH6Sj_h948,Jz3aX3q3_is,80.0,90.0,"[354, 500]",69.80435928074002,-61.08336025864001,2006-08-18 19:09:54
wqH6Sj_h948,FiBon2vPDvY,0.0,10.0,"[0, 363]",80.93826796182836,-80.28392178257388,2006-02-01 07:42:15
wqH6Sj_h948,JchShfsgE3A,30.0,40.0,"[0, 354]",59.35434153611208,-71.55316131159364,1980-08-14 19:10:59
wqH6Sj_h948,jerBFHnx9es,240.0,250.0,"[0, 41]",63.664872026376656,-125.04388043420224,1992-11-06 05:48:13
wqH6Sj_h948,gjujPd1lP8E,0.0,10.0,[137],43.32050822655098,-134.77892509629018,1998-06-09 14:50:57
wq1098my4zA,-PIuJAAplqI,210.0,220.0,"[137, 258]",67.05657153486192,-113.4114246573406,2015-05-05 11:47:33
wq1098my4zA,8fibq2VXibw,90.0,100.0,"[137, 266, 252]",53.58787204268084,-132.5505106774288,2009-05-06 05:16:18
wq1098my4zA,mglgIu_n6Bw,160.0,170.0,[269],55.87453277284428,-89.93615882571109,1997-01-06 02:26:24
wq1098my4zA,f9k_lFZCzVk,100.0,110.0,"[275, 27]",74.96538938580767,-104.32592321831528,1983-08-08 00:45:07
wq1098my4zA,a6lkhbf_HAc,570.0,580.0,[288],77.65859998286032,-86.15221922702337,1999-05-21 20:06:24
wq1098my4zA,ekPRJdtHx1Y,30.0,40.0,"[137, 271]",61.29702303659341,-67.26389064884006,2017-11-24 12:20:09
wq1098my4zA,ZYUAY6EN05Q,30.0,40.0,"[137, 27, 265, 273]",75.21164532551819,-72.74898234499948,2021-12-12 02:23:39
wq1098my4zA,nJaezskegdc,20.0,30.0,"[137, 27, 254]",75.99402949222306,-58.398253774682,2007-10-08 06:23:59
wq1098my4zA,0nEs0eUZNbg,30.0,40.0,"[137, 258]",60.30365562340448,-61.48513182591546,2006-11-12 18:09:39
wq1098my4zA,3u9OO9Og0Gc,50.0,60.0,"[137, 258, 27]",82.04339297579517,-86.04175089848611,1995-07-20 05:34:07
wqR7LHho-WE,42YciCBYY2E,70.0,80.0,"[0, 466]",64.6801307724348,-132.2382394223109,2021-01-04 01:37:20
wqR7LHho-WE,bHMhGA4VhQ8,440.0,450.0,"[0, 513, 137]",78.73279667184062,-82.43568139769698,2011-11-25 22:51:54
wqR7LHho-WE,j2RHdm5hV7g,16.0,26.0,[72],68.14274408562964,-55.43416863013155,2005-04-27 19:14:02
wqR7LHho-WE,Uu3GTqUmiLA,9.0,19.0,"[0, 300, 341]",43.39951453475479,-76.01362024983867,2014-01-29 05:23:24
wqR7LHho-WE,p5-25z-BAs8,80.0,90.0,"[288, 72]",78.94202353408218,-98.84834865754624,2022-03-05 00:59:35
wqR7LHho-WE,AXoYmzIVeuo,3.0,13.0,"[0, 22]",64.26961728441205,-58.439457121088296,1981-06-29 10:32:19
wqR7LHho-WE,kDgS1_gG0tA,25.0,35.0,"[0, 41, 137]",57.399417420468986,-82.51442301189124,1991-11-24 21:50:58
wqR7LHho-WE,aXxoWLiwdDU,0.0,10.0,"[0, 137, 22]",61.17357174647472,-132.24252647785983,2020-07-10 14:00:06
wqR7LHho-WE,JqTANafEQ9A,10.0,20.0,"[0, 513, 137]",80.66932032759846,-59.37807165905937,1986-09-24 03:06:36
wqR7LHho-WE,bn4YDmNyL8U,50.0,60.0,"[0, 137, 513]",82.26125863168292,-71.2201570833191,1986-10-03 14:06:39
wq6Me-UUbSc,OcsAOCUCvFY,40.0,50.0,[72],78.34952083337195,-75.82318688667318,1999-01-21 10:11:38
wq6Me-UUbSc,8LCredoNWN4,160.0,170.0,[380],62.04917515467908,-115.27772559084876,2008-05-03 19:05:57
wq6Me-UUbSc,OpJHhFACMjw,380.0,390.0,"[0, 362]",69.91076872994039,-132.39389333056255,1989-11-16 09:11:18
wq6Me-UUbSc,0Ly5mdtHGzE,260.0,270.0,[418],57.28541859514132,-138.07561598455416,2007-04-17 14:10:02
wq6Me-UUbSc,-Mu1AWT_x54,320.0,330.0,"[0, 379]",72.04006631340081,-71.70981801334653,2010-06-30 21:10:23
wq6Me-UUbSc,9npXuzkn0iE,30.0,40.0,[72],74.65577533414987,-96.7154312970838,2022-01-16 14:26:22
wq6Me-UUbSc,_oqdB0maUNk,160.0,170.0,"[0, 506, 404]",46.88782424645151,-90.49756206305037,2004-04-17 10:37:28
wq6Me-UUbSc,2MJblmRWJGo,30.0,40.0,[444],72.53123032646849,-88.48715551326373,1996-12-26 02:32:27
wq6Me-UUbSc,C08wtF9ePHk,440.0,450.0,"[364, 365]",73.13357974232466,-87.90405016740156,1999-09-19 21:56:02
wq6Me-UUbSc,EpOg9PofAMU,150.0,160.0,"[0, 404]",82.23953508279743,-60.97040103914476,2012-06-15 01:46:35
T9SfXoYuvpo,hEQG_EdBTGI,170.0,180.0,"[8, 66, 69]",76.98658678204202,-63.56383127495849,2005-04-18 09:14:45
T9SfXoYuvpo,YEi81JKXmL0,70.0,80.0,"[0, 8, 137, 69]",64.39279303801418,-87.21257576268889,2002-03-11 15:44:42
T9SfXoYuvpo,LOLTshIl61E,50.0,60.0,"[8, 66, 69]",50.22918051482715,-125.0611651392678,2002-12-06 18:49:09
T9SfXoYuvpo,wSDBLBR5r4Y,250.0,260.0,"[8, 66, 69]",59.75028925517452,-125.497255931445,1988-11-16 14:51:42
T9SfXoYuvpo,PdxtuqiUsZ4,100.0,110.0,"[8, 69]",62.19204347173316,-75.66150244948682,2009-04-09 17:41:36
T9SfXoYuvpo,Bc6AIHASWxI,30.0,40.0,"[8, 66, 69]",47.773472502363504,-77.35688068915903,2022-05-22 20:08:03
T9SfXoYuvpo,3pv0kmrezHI,80.0,90.0,"[8, 66, 69]",53.45443078816369,-112.11251953493904,2021-11-15 00:53:06
T9SfXoYuvpo,ZqJXEJJMEFo,160.0,170.0,"[8, 69]",44.543105137495694,-68.07585488766432,2012-10-30 21:12:51
T9SfXoYuvpo,RZZRLaZqb1U,230.0,240.0,"[0, 8]",71.89388929957262,-98.73742391835788,2016-12-26 08:58:13
T9SfXoYuvpo,o-uOzHZRdYM,170.0,180.0,"[8, 66, 69]",41.8706903571686,-88.95507567745247,1987-11-20 11:16:03
T9fk99yqwN4,8nJ2MhvhnJ0,30.0,40.0,"[137, 501]",58.01011977961237,-70.60328235047976,2002-12-15 08:04:13
T9fk99yqwN4,B4lGhVjoMTk,210.0,220.0,[137],77.62519737758603,-117.55123760066456,2016-12-06 04:07:33
T9fk99yqwN4,dqQgzsNpwoQ,30.0,40.0,[137],65.44832811658503,-111.65527382476724,1987-05-07 04:19:08
T9fk99yqwN4,dWLP4Ptaejw,10.0,20.0,[501],68.88972476905602,-80.26034214090623,2009-06-18 18:37:26
T9fk99yqwN4,8y36aT4C_c0,30.0,40.0,[137],75.61566293299921,-112.88140158094473,2002-05-11 12:33:38
T9fk99yqwN4,Uy9EgFy6NBg,90.0,100.0,[137],62.65986718768463,-135.54845148267248,1983-12-26 17:25:21
T9fk99yqwN4,bKnKulXDecM,30.0,40.0,[72],69.76749554686764,-84.71680878451637,1980-07-24 15:48:00
T9fk99yqwN4,vOU-qA25xNM,260.0,270.0,[137],68.39008098087683,-120.57252276582138,1984-02-15 08:15:38
T9fk99yqwN4,OPX9ukYun3o,10.0,20.0,"[137, 508]",50.83068959978896,-110.64462966770944,2023-05-15 00:36:36
T9fk99yqwN4,tnJb9WyhCUc,160.0,170.0,"[137, 507, 237]",43.24476955973809,-130.41243398590746,2018-04-12 15:02:18
T9g_TdQejv8,JZroSE4NVu0,30.0,40.0,"[0, 137, 7]",53.28177208388686,-134.20128639322795,2023-02-10 02:13:17
T9g_TdQejv8,HMJn7co1YOM,30.0,40.0,"[0, 137]",58.65704938014531,-73.39941625605185,2007-10-18 19:09:07
T9g_TdQejv8,Yy3dQJYquoY,30.0,40.0,[72],46.62358076114358,-106.57518380965588,1991-01-31 15:04:32
T9g_TdQejv8,tSDWeENk1W8,30.0,40.0,[137],47.91382822627471,-103.28390258601657,2000-10-14 21:53:53
T9g_TdQejv8,egOBhLNMnTo,320.0,330.0,"[0, 137, 458]",75.80854550928308,-114.10843986676116,1987-09-04 15:21:17
T9g_TdQejv8,bX-Ukxl3Omg,10.0,20.0,"[0, 137, 404]",80.12701371044008,-56.62440414467508,1984-09-09 09:33:23
T9g_TdQejv8,WAhuBGcAzB8,60.0,70.0,[7],80.90678877563933,-111.89483080967156,1989-09-01 22:16:35
T9g_TdQejv8,B25RukLTrYk,190.0,200.0,"[0, 7]",80.81813251800877,-70.06990319311666,2002-08-03 21:32:01
T9g_TdQejv8,cQrcwFXs4hM,0.0,10.0,[137],56.67331786837951,-104.19192430258909,2015-10-11 13:18:51
T9g_TdQejv8,d8_7lrOjTVg,30.0,40.0,"[0, 137, 64]",69.60032742458026,-128.6663936926848,2007-06-16 07:07:12
T9VMZwKmO4A,li8pHbE1o_g,24.0,34.0,"[137, 388, 239]",42.03226632212217,-77.09153680319281,2013-06-24 12:57:01
T9VMZwKmO4A,YiT619aLWTI,10.0,20.0,"[137, 281]",69.79076269795894,-96.74053173386744,2000-11-26 17:43:05
T9VMZwKmO4A,3kZm5SY0vek,30.0,40.0,"[137, 27]",49.33385240038361,-86.93580965617531,1995-08-01 05:42:05
T9VMZwKmO4A,gNCwn0-itgU,160.0,170.0,"[137, 239]",42.51677687038058,-85.74963277423196,1990-04-07 03:43:33
T9VMZwKmO4A,WxaM1IuJ2QU,110.0,120.0,"[137, 239]",54.21933716645424,-64.53525185609612,1993-04-11 14:49:14
T9VMZwKmO4A,me8s0oanAgI,0.0,10.0,"[137, 474]",67.91471395239545,-87.68978139398659,1994-07-20 13:42:35
T9VMZwKmO4A,LRFLdvQvBJY,60.0,70.0,[137],78.96322337234008,-125.0559695445468,1986-02-06 15:12:39
T9VMZwKmO4A,E_IG2ubeTME,30.0,40.0,[137],51.659601979936426,-120.10216894533735,2005-01-09 20:40:33
T9VMZwKmO4A,tPVsTFGWU5Q,80.0,90.0,"[137, 457, 239]",47.69133377449606,-61.378829435654765,2014-12-18 21:37:20
T9VMZwKmO4A,66B46E_hrrk,140.0,150.0,"[137, 239]",78.48914042978426,-120.97551927305712,2004-06-11 01:29:48
T9hK44Ki8_A,piyYJ2l_h8Q,30.0,40.0,"[137, 276]",67.22735255820206,-61.38838091148905,2021-02-01 08:27:14
T9hK44Ki8_A,grE0lwTsSPg,30.0,40.0,"[137, 227]",75.27956690538369,-106.11111754846924,1987-08-07 01:36:35
T9hK44Ki8_A,h9zF09TMgLU,100.0,110.0,"[137, 228]",71.44489939311912,-81.40512430124113,2020-02-19 01:35:14
T9hK44Ki8_A,Y62ZeqABtN0,90.0,100.0,"[137, 263]",69.06927180509074,-94.0485203998357,2015-01-10 09:55:06
T9hK44Ki8_A,hYlSisv-VRU,60.0,70.0,[263],73.510686124384,-98.48614030982093,2005-05-19 09:12:08
T9hK44Ki8_A,InfQUMh935c,30.0,40.0,"[137, 27, 219]",49.99462883803455,-83.34711942486601,2003-04-27 05:39:27
T9hK44Ki8_A,SGEHfoVBp_U,90.0,100.0,"[137, 229]",47.64698204631534,-81.75316029974914,1995-02-01 04:40:56
T9hK44Ki8_A,spYTDKDyLLU,30.0,40.0,"[137, 378]",70.29790732893166,-53.66934967856604,2013-04-15 11:23:03
T9hK44Ki8_A,xo74w3efp0I,30.0,40.0,"[137, 219]",54.628142599246566,-130.1078314536593,2023-02-10 12:46:51
T9hK44Ki8_A,FFJfoBaWilQ,60.0,70.0,[137],49.90188013963154,-100.89627528261634,2000-11-26 00:02:35
qGyGTzix_Nk,thEgYtqWuN4,200.0,210.0,[72],53.62701671942613,-136.8381369312418,2007-11-13 16:47:14
qGyGTzix_Nk,lfCWGQ6URds,60.0,70.0,[137],60.45415011612943,-114.74160157116437,1981-11-18 07:00:04
qGyGTzix_Nk,jWTm17KZGI8,140.0,150.0,"[137, 233]",81.60007792947569,-124.62261871917909,1993-09-23 10:15:39
qGyGTzix_Nk,hZr2vG9w2x4,80.0,90.0,[137],80.74273576752947,-125.75649571552889,2000-10-17 03:44:09
qGyGTzix_Nk,UxT3KG4AHAI,0.0,10.0,[137],47.43735749829466,-77.59280768745506,2002-04-19 16:59:45
qGyGTzix_Nk,SA4SG1Nt0mw,0.0,10.0,[404],66.01471447988207,-107.83573854533536,1991-09-27 12:21:05
qGyGTzix_Nk,8UxgJtO6gU4,0.0,10.0,[137],63.10023276596678,-123.15070329381876,1982-11-28 19:58:49
qGyGTzix_Nk,7SRwq1t81Fk,10.0,20.0,"[0, 137, 471]",68.3868242693058,-102.40647722718354,2018-11-06 09:46:16
qGyGTzix_Nk,noy0lhzzwOQ,30.0,40.0,"[0, 137, 444]",57.696284948771634,-73.24024475717643,1986-06-04 08:51:35
qGyGTzix_Nk,TfNLfYTmCTA,30.0,40.0,"[137, 239]",59.4143117108949,-66.8717929680451,2019-04-08 12:15:58
qGA5zexuFY0,dU9VVGbo4qo,80.0,90.0,"[0, 444]",69.69582582872914,-137.12127081030312,1993-09-19 09:52:08
qGA5zexuFY0,CUw2l7PXCyY,10.0,20.0,"[0, 288, 444]",54.59620717813323,-122.57561172985952,1996-03-31 06:08:59
qGA5zexuFY0,87bG7NseLlU,110.0,120.0,"[288, 444]",80.71672061261393,-128.34903793692413,2013-07-27 02:20:14
qGA5zexuFY0,LFn5sfq3hgs,470.0,480.0,"[0, 379, 300]",48.09449564010042,-101.27053134586863,1992-03-06 14:44:13
qGA5zexuFY0,ruf-EVEl3cg,420.0,430.0,"[0, 404]",74.23421719891269,-59.29508290074119,1980-06-09 03:55:09
qGA5zexuFY0,u7yn0nUq1vM,340.0,350.0,"[490, 444]",74.39645298418398,-118.4232723282642,2011-03-12 10:56:42
qGA5zexuFY0,Jp6z4ljSDnI,150.0,160.0,"[0, 370, 371, 506, 444]",73.50112852483545,-83.42902124130833,1997-01-07 19:27:38
qGA5zexuFY0,0l1Z-qU6dtI,30.0,40.0,"[0, 375]",73.2155281577046,-52.95608478414566,1988-12-24 12:42:55
qGA5zexuFY0,-Mu1AWT_x54,320.0,330.0,"[0, 379]",72.04006631340081,-71.70981801334653,2010-06-30 21:10:23
qGA5zexuFY0,L1Sio71KKAs,90.0,100.0,"[0, 404]",67.40648124162463,-138.39681972876437,2010-01-11 02:37:15
qG7Qv8b5JFA,uGXTHf8pgUI,290.0,300.0,"[137, 227]",58.72695704473324,-131.9487927605935,2015-04-27 12:18:56
qG7Qv8b5JFA,gMgN50wSnNc,200.0,210.0,"[248, 137]",62.06843977300662,-81.629459516206,1993-07-31 10:55:58
qG7Qv8b5JFA,qMCLu70HSCg,80.0,90.0,"[248, 137, 266]",75.44765695336035,-117.68824906317252,1994-05-22 14:53:52
qG7Qv8b5JFA,zY9Bw7oW7Uo,230.0,240.0,"[248, 137]",68.16331559045129,-76.89145156445565,1999-04-23 20:34:42
qG7Qv8b5JFA,6hfpIRmdn40,0.0,10.0,[248],58.1368202060162,-127.44351228780526,1989-02-09 07:36:02
qG7Qv8b5JFA,D7z2Q-hH25s,30.0,40.0,"[248, 137, 27, 256]",45.09072466479158,-75.78699381807087,2011-10-06 23:07:13
qG7Qv8b5JFA,UjGJc3VAk6Q,130.0,140.0,"[137, 236]",80.66496274910514,-62.932685862652704,1988-10-01 12:20:35
qG7Qv8b5JFA,c3T1gWSVp6c,140.0,150.0,"[248, 137]",67.41775212194536,-85.95987770704967,2023-03-07 06:26:43
qG7Qv8b5JFA,vByuZEzCZJg,180.0,190.0,"[248, 137]",58.06422997129436,-56.16914506653988,1993-10-05 06:57:10
qG7Qv8b5JFA,nev-ZegNv44,0.0,10.0,"[248, 137]",58.40605164622926,-133.10052018550255,1997-01-10 06:53:31
qG838pozAQA,N8Am7BhcoME,5.0,15.0,"[288, 388]",60.902933692714754,-98.1882400162707,2010-10-26 16:30:11
qG838pozAQA,diy1Mm9Yvis,320.0,330.0,"[418, 437]",49.63603016801455,-66.48706929431604,1982-10-15 17:59:14
qG838pozAQA,HbSH5rQcnh8,200.0,210.0,"[418, 476, 437]",79.40534031427308,-99.83645231594876,1991-07-29 04:12:43
qG838pozAQA,nPXSiWX2Z_4,40.0,50.0,[343],82.25442858221888,-91.47317351887214,2006-01-19 12:05:52
qG838pozAQA,asef1m3NUy4,70.0,80.0,[343],81.09956243387694,-78.33718957087882,2017-03-08 23:34:46
qG838pozAQA,mFwURBjeSn8,30.0,40.0,[343],52.4677417754879,-134.06794853971738,2006-04-25 00:24:10
qG838pozAQA,0pgG7Rk_eqM,140.0,150.0,"[510, 343]",67.48387206217572,-105.76751645642408,2012-06-09 07:39:24
qG838pozAQA,EApB0DJ3ECg,200.0,210.0,"[418, 509]",57.88254066581945,-52.8745484140791,1982-12-08 16:15:18
qG838pozAQA,2a2I3cOHAXc,20.0,30.0,"[418, 343]",47.68028048877698,-105.68193928707824,2009-02-04 07:06:57
qG838pozAQA,uCTXqZ4_pKM,30.0,40.0,[343],68.7009180033633,-103.99887482047572,2014-09-14 02:41:41
qGEYSFq8VY4,tC2bf968d8M,440.0,450.0,"[137, 388]",78.32004833989458,-138.2832196083371,2016-10-15 05:24:55
qGEYSFq8VY4,blwOt9aGVQc,190.0,200.0,[493],77.48309444399123,-64.12317449291137,2001-01-21 21:19:46
qGEYSFq8VY4,vXOwQ7_5f3M,360.0,370.0,[298],42.52175990103957,-111.1916892178882,2006-12-18 02:16:54
qGEYSFq8VY4,99_AiUytWXU,70.0,80.0,[487],55.18417875902673,-129.53175965451962,2007-03-05 13:22:00
qGEYSFq8VY4,LJ8BY521EoI,30.0,40.0,"[0, 14]",53.02822836511508,-137.51749170757012,1998-08-02 11:54:09
qGEYSFq8VY4,uRwlP0A57Oo,30.0,40.0,"[0, 72, 22]",51.10239797444545,-62.94150674521924,1986-08-16 10:35:58
qGEYSFq8VY4,VXK8kljUczk,200.0,210.0,[72],48.16885840570439,-115.97727175179024,1996-07-07 13:24:25
qGEYSFq8VY4,CYDIWKmx6xw,380.0,390.0,"[0, 388]",77.02850912402118,-86.32977181737307,2014-10-11 15:25:07
qGEYSFq8VY4,gmiwKI7gIZU,300.0,310.0,[458],67.71071148644218,-55.92669527017951,1995-07-19 03:34:53
qGEYSFq8VY4,0f2A-lZYAnw,30.0,40.0,[72],74.61012146168498,-93.91598358299171,2007-05-20 20:02:23
rXAsNd0xH6s,ENYQkXnG860,130.0,140.0,[288],67.98874979395579,-131.79879862171055,1994-11-13 13:26:30
rXAsNd0xH6s,y9-QoB7E0OU,220.0,230.0,[288],61.477877984830336,-115.06875950960574,2011-04-25 03:53:42
rXAsNd0xH6s,S3qtygRF-44,430.0,440.0,"[0, 288, 444]",73.99852286481415,-126.17941722711542,1999-03-25 11:42:14
rXAsNd0xH6s,Ui7cpdCF6iw,80.0,90.0,"[0, 288, 3, 444]",74.21700380201557,-74.55479180382531,2005-10-30 06:00:40
rXAsNd0xH6s,9It3a2bN2Uw,90.0,100.0,"[0, 288, 444, 510]",51.05950177109363,-94.22538135998605,1980-09-04 13:00:12
rXAsNd0xH6s,JCzpRSBjdnE,0.0,10.0,[288],71.12169425968212,-108.00164904654872,1991-05-04 15:39:43
rXAsNd0xH6s,Oynkaa1GFm4,120.0,130.0,[72],83.057976483564,-118.99732488115106,1998-11-02 08:04:58
rXAsNd0xH6s,yWZ7GN6Vpa4,120.0,130.0,"[0, 288, 444]",48.556918724863806,-122.67150566567118,2001-04-20 19:48:22
rXAsNd0xH6s,uw0Piewnkmw,70.0,80.0,"[0, 444]",70.32075692182158,-117.95106475442626,2010-09-23 06:25:25
rXAsNd0xH6s,hnKRraemix8,400.0,410.0,"[283, 300]",76.5277975049203,-114.576423722495,2004-04-16 12:49:20
rXK8ohd1m5A,0NyrNJAXrIo,30.0,40.0,[72],78.03990751540083,-61.15548706558751,2017-09-08 02:16:53
rXK8ohd1m5A,K_XT08OPkJ0,7.0,17.0,[426],42.55616288044333,-138.07200659623862,1980-05-24 00:57:24
rXK8ohd1m5A,uQnjkqPH8YU,30.0,40.0,"[0, 354]",59.48430855050822,-110.99952502438212,2000-08-27 19:28:35
rXK8ohd1m5A,EPPtl4PF7CM,30.0,40.0,[47],58.400294635953415,-116.33271069466215,2018-02-09 10:09:20
rXK8ohd1m5A,Mop0WkL-2EQ,0.0,10.0,[72],48.565774170376784,-75.93894610197411,2009-09-02 07:11:48
rXK8ohd1m5A,1U7l0iDgxJ0,30.0,40.0,[354],62.001999626504,-122.32251209888489,2000-02-11 14:34:22
rXK8ohd1m5A,hRb0FsqyYcg,40.0,50.0,[458],81.06426254909644,-111.06301349103576,2016-01-31 17:37:31
rXK8ohd1m5A,dR4uLl-pi2A,17.0,27.0,[72],73.93449584075049,-84.18171982242202,1990-12-13 12:20:20
rXK8ohd1m5A,WDZdy6TtcYI,0.0,10.0,"[0, 426]",73.12734120579388,-137.24820559413843,2011-03-02 01:18:52
rXK8ohd1m5A,TmYBGwKqsrA,16.0,26.0,[72],68.38884688991294,-129.88003665750057,2004-04-13 07:39:46
rXEWNtoa-9I,PRzBkZSSyY0,0.0,10.0,[137],42.95534358541301,-101.0967144899944,2022-04-24 13:13:40
rXEWNtoa-9I,YAVVMxqtxGE,40.0,50.0,[137],54.12113141093386,-87.35660218362459,2015-01-12 23:12:01
rXEWNtoa-9I,JO_uDXZ5n4o,50.0,60.0,[137],68.50651109329627,-129.48755798552548,2016-03-27 21:35:40
rXEWNtoa-9I,ASgLbz48BaY,30.0,40.0,[137],62.382808318353895,-129.73939533477926,2007-02-21 19:14:37
rXEWNtoa-9I,DkazXQcac5g,30.0,40.0,"[0, 354]",43.63487799174237,-110.33186162848094,1990-01-14 20:16:02
rXEWNtoa-9I,xiN6XwZNEJo,80.0,90.0,[137],52.0215000688692,-61.37259643346667,1993-12-19 17:57:32
rXEWNtoa-9I,ey_wXCMrS28,30.0,40.0,[64],73.91302984750182,-122.33456910230576,1990-02-17 10:11:07
rXEWNtoa-9I,BUJOxuj4MXU,30.0,40.0,"[0, 41]",82.36658361749348,-100.45092347300958,1995-09-13 21:59:03
rXEWNtoa-9I,81QPmuAh1K8,50.0,60.0,"[483, 484]",81.00641617501239,-105.2715054256404,2020-09-01 11:00:57
rXEWNtoa-9I,DHsm756LKsA,50.0,60.0,"[0, 388]",43.20170015506736,-116.85031925895832,2007-01-25 21:43:53
kXHb-mZ4YVU,_miAGxDX5FM,160.0,170.0,[137],44.371847959884285,-58.06633091763939,2015-07-30 22:18:13
kXHb-mZ4YVU,Sr2Grfi3lFg,110.0,120.0,"[232, 137]",70.21855182655963,-96.15612103237528,1983-07-21 11:46:24
kXHb-mZ4YVU,TFaUIs6HZEg,30.0,40.0,"[137, 444]",46.86367902497676,-60.600829123733504,1995-07-06 11:52:47
kXHb-mZ4YVU,oad746hCK1Q,30.0,40.0,"[137, 229]",75.11805751720306,-127.6735027643852,2008-02-24 16:04:47
kXHb-mZ4YVU,Wu3LKQG1fwU,40.0,50.0,[137],66.47008034815995,-122.1358775987688,1995-12-15 13:32:27
kXHb-mZ4YVU,me8s0oanAgI,0.0,10.0,"[137, 474]",67.91471395239545,-87.68978139398659,1994-07-20 13:42:35
kXHb-mZ4YVU,P39x5dOsJ40,80.0,90.0,"[137, 235]",78.45235121915456,-128.33704283064,2020-02-02 11:51:54
kXHb-mZ4YVU,I06TOd9pXng,0.0,10.0,"[137, 217, 404]",57.92150283724975,-115.91142784215486,2023-06-01 09:53:35
kXHb-mZ4YVU,JLYb7DwCaQU,0.0,10.0,"[137, 251]",51.29099257335216,-107.8695451554078,1995-01-22 07:51:56
kXHb-mZ4YVU,hD6ee9A2TGk,150.0,160.0,[64],82.63819136644477,-124.51667725107468,2012-07-30 12:21:58
kXCfFp7dF7A,XaqVAF-ADWU,10.0,20.0,"[137, 254]",67.40504342016362,-57.75531815227564,2000-01-22 16:10:56
kXCfFp7dF7A,PYAheE66kdc,20.0,30.0,"[226, 27]",81.63221437952538,-58.43964482414511,1980-07-11 20:04:58
kXCfFp7dF7A,3IYd8cCmUkQ,60.0,70.0,"[137, 276]",44.35918997141525,-83.93322090264297,2015-03-16 19:22:06
kXCfFp7dF7A,b-Y-AjW6MJ0,0.0,10.0,"[0, 137, 265]",80.55097012820977,-70.36591399724715,1981-02-21 08:08:22
kXCfFp7dF7A,PlK_crOqt64,30.0,40.0,"[137, 270]",74.9734171263589,-136.15739128385258,1986-11-10 09:44:27
kXCfFp7dF7A,5i0zq91Ocz0,40.0,50.0,"[137, 265]",72.3757471054863,-70.8579725287015,1993-09-05 11:17:13
kXCfFp7dF7A,5qHyWRlVNO4,140.0,150.0,[495],52.51743001610387,-94.23787273470202,2021-07-24 03:00:09
kXCfFp7dF7A,T_foQoCHQq8,30.0,40.0,[495],68.724277558903,-108.41024347086623,2007-12-27 05:33:28
kXCfFp7dF7A,LLSJ_DWYcn4,30.0,40.0,"[137, 271]",63.85919409193485,-104.37014549688016,1988-10-16 06:28:33
kXCfFp7dF7A,CEo4XP3Mb3M,24.0,34.0,"[0, 137, 252]",70.72889230214174,-128.07552990542095,2013-05-08 07:57:35
kXQDE8Jg2l8,SbHNQKB_oDk,30.0,40.0,"[0, 404]",62.38814759569125,-57.41508290693311,2018-02-27 14:34:56
kXQDE8Jg2l8,c39jYgsvUOY,150.0,160.0,"[0, 4]",64.5085268919021,-68.45033143988921,2014-10-14 02:48:41
kXQDE8Jg2l8,5UDUNqwWuNs,240.0,250.0,[388],50.54231149880164,-130.88063096159186,1981-01-14 00:03:14
kXQDE8Jg2l8,2Qrkz7YP7IA,30.0,40.0,"[0, 524]",63.39265453877769,-120.51774211833964,1996-12-15 17:40:53
kXQDE8Jg2l8,nhoXQ5DDcbA,30.0,40.0,"[0, 354]",76.40536771826203,-77.3151283495082,1980-04-07 08:58:03
kXQDE8Jg2l8,XO-jdMRiWCY,30.0,40.0,"[0, 444]",66.55048228359018,-90.8245411945601,1997-08-11 15:52:14
kXQDE8Jg2l8,_SEgga0h1Wc,230.0,240.0,"[0, 418, 404]",49.23016705105324,-87.38826949134891,1999-06-22 18:20:43
kXQDE8Jg2l8,rMNs7CyE5M0,40.0,50.0,"[0, 498]",79.38519904119971,-103.71247779148229,1983-11-19 08:36:26
kXQDE8Jg2l8,fTbTQXqo8Lc,30.0,40.0,"[0, 383]",73.2934770473698,-106.66233064896156,1985-02-13 16:56:06
kXQDE8Jg2l8,kac3Uf288k8,300.0,310.0,"[0, 387]",75.7818650578663,-71.82706123458497,1994-07-09 00:02:37
kXW1jr89sSQ,LPQJY7u0-q4,40.0,50.0,"[0, 368]",76.07713327931104,-85.51488816191502,1980-02-12 00:34:30
kXW1jr89sSQ,cTGrjWlRhc8,30.0,40.0,"[0, 506, 388]",74.69113671303585,-121.89971957876382,2000-10-02 13:19:03
kXW1jr89sSQ,WBrkCWb9W-8,30.0,40.0,"[0, 300]",77.00515229770784,-53.17047842874305,2003-11-05 02:45:43
kXW1jr89sSQ,DXNmuc_ZXHA,230.0,240.0,[72],68.66040088307645,-101.83488346929876,1996-04-18 12:58:50
kXW1jr89sSQ,UdbJAj2Hkes,30.0,40.0,"[0, 378]",55.17079999707878,-83.33667930119071,2007-11-22 17:17:11
kXW1jr89sSQ,eW8blcdeixc,30.0,40.0,"[0, 404, 388]",56.82392138947476,-56.18899647670384,1995-07-19 00:21:40
kXW1jr89sSQ,Tfg9HjhpVlY,100.0,110.0,[58],70.36677474728594,-140.9092572541304,2011-03-04 22:12:18
kXW1jr89sSQ,oad746hCK1Q,30.0,40.0,"[137, 229]",75.11805751720306,-127.6735027643852,2008-02-24 16:04:47
kXW1jr89sSQ,Xxga0d9ZDuc,0.0,10.0,"[0, 16, 60]",56.684646596771415,-81.33321499907517,2019-10-06 07:31:07
kXW1jr89sSQ,F9ZsFHquC_c,60.0,70.0,"[0, 41]",47.90553689156821,-61.76055348360525,1988-12-15 12:49:36
kXKrnLRp69U,mX45CiTjf8I,30.0,40.0,"[300, 343]",58.746425999765705,-79.39613029256827,1992-04-09 04:10:38
kXKrnLRp69U,oD6sKnchJfQ,30.0,40.0,[489],60.65791329977799,-69.83065830748374,2008-05-22 07:18:08
kXKrnLRp69U,Kkm6JA6zba0,30.0,40.0,"[0, 300, 343]",64.35926018877288,-138.39983822718,1986-09-20 17:41:59
kXKrnLRp69U,0yQlMpe5gj8,30.0,40.0,"[489, 298]",66.84574670861886,-93.324507408931,2000-08-15 04:16:24
kXKrnLRp69U,AR1ATLH-czY,30.0,40.0,[488],72.17422341520786,-85.72385680814747,1994-11-11 05:39:46
kXKrnLRp69U,Fcuyzqv8n08,27.0,37.0,[489],42.67502410253269,-74.57253567449457,1988-08-04 05:21:45
kXKrnLRp69U,977zYEqpsSE,30.0,40.0,"[0, 300]",56.50754624281685,-133.35562365766168,1983-11-09 10:57:44
kXKrnLRp69U,5-wgIXNY-bs,30.0,40.0,"[0, 300, 343]",46.27858535388893,-91.33811877577968,1996-12-07 04:58:00
kXKrnLRp69U,KEQO6mW3SRg,30.0,40.0,[526],55.79114084451967,-111.37689333073163,2016-09-16 02:16:50
kXKrnLRp69U,zuvd1uhmi88,190.0,200.0,"[300, 510, 343]",79.17111824962512,-112.3300499536192,1996-09-21 12:00:54
kXApHFgX2HQ,chdTdq51Xxc,100.0,110.0,"[137, 491, 404]",42.55286994045138,-133.07017213802345,1986-11-03 02:35:52
kXApHFgX2HQ,sErVkWNm_W4,14.0,24.0,[8],54.61422840421393,-110.50613028632132,1983-06-20 23:10:34
kXApHFgX2HQ,rSe5T3UR5SI,20.0,30.0,[437],76.45988659178374,-96.42731495038112,2012-09-08 04:43:02
kXApHFgX2HQ,e7mWrx0BixM,0.0,10.0,[515],82.30903738836194,-54.14313863987988,2014-01-31 22:25:52
kXApHFgX2HQ,xFzsYFhrHtk,1.0,11.0,[426],66.92866270169611,-140.61824671070573,2017-03-07 07:26:32
kXApHFgX2HQ,3qeBcAw5T8U,240.0,250.0,"[0, 137, 506, 404]",62.52341142906938,-107.83131142054869,2000-07-12 04:15:54
kXApHFgX2HQ,Qvyw-IwbbDc,10.0,20.0,[60],55.25821620799702,-85.21567148846931,1990-02-10 18:44:05
kXApHFgX2HQ,oBzfJ4Hmzi8,0.0,10.0,[378],59.03073649015616,-88.5484356580277,1982-03-27 12:59:23
kXApHFgX2HQ,5AppPHhDkgE,80.0,90.0,"[137, 518]",46.99511228865061,-74.9564201497725,2021-12-11 05:25:15
kXApHFgX2HQ,UEfiV4MxiDk,0.0,10.0,[494],50.6983363537746,-116.64187376799086,1980-03-16 17:30:44
kX5bTiq5eBo,O3Cvn4yXrao,120.0,130.0,"[27, 228]",66.299376996557,-139.67023787082337,2006-09-16 04:31:50
kX5bTiq5eBo,uAPrs80m43I,30.0,40.0,"[137, 277]",49.91194017157167,-89.85974550676796,1997-06-14 23:10:49
kX5bTiq5eBo,NsR60ehkHGA,30.0,40.0,"[137, 217]",56.26293322902405,-125.5047273878428,2019-12-05 19:24:20
kX5bTiq5eBo,J_Raltj-6dk,30.0,40.0,"[137, 27, 217, 495]",63.436866655666506,-88.26275015134756,1990-05-20 12:39:20
kX5bTiq5eBo,5oT1h3zUVhY,170.0,180.0,"[137, 27]",67.09905561810801,-129.48447291964033,2023-05-26 09:36:13
kX5bTiq5eBo,R6PP93tqBJY,40.0,50.0,"[137, 426]",48.05837556772992,-90.31076755894723,2021-05-28 19:14:16
kX5bTiq5eBo,x6U1gX5a_4M,30.0,40.0,"[137, 27, 217]",79.43231444443698,-90.75873083689046,2007-05-23 07:33:05
kX5bTiq5eBo,KxZ0yDfyaJw,30.0,40.0,"[137, 217]",57.46385190114949,-110.01641705718124,1986-07-14 14:38:40
kX5bTiq5eBo,A7fMNwT9eac,30.0,40.0,"[137, 426]",77.62889025839101,-63.35330548037824,2023-08-15 03:35:41
kX5bTiq5eBo,hIkcCvRGqjs,30.0,40.0,"[137, 388]",64.00360162598332,-63.74996106695612,1996-01-27 09:46:09
kX7chujFCrU,kieLTFaCZFU,310.0,320.0,"[498, 510]",50.23238289830044,-64.21253667994073,2006-03-03 15:09:40
kX7chujFCrU,8kZ1ZTlricI,90.0,100.0,[388],77.62432261550546,-96.86763748807502,2002-06-22 08:48:00
kX7chujFCrU,5AppPHhDkgE,80.0,90.0,"[137, 518]",46.99511228865061,-74.9564201497725,2021-12-11 05:25:15
kX7chujFCrU,UmOOGxXbEuc,30.0,40.0,[426],48.64555975757813,-61.6254300206578,2010-02-01 11:40:30
kX7chujFCrU,7x2WAveirQg,260.0,270.0,"[137, 239]",76.20158117451527,-57.82285190670777,2013-09-11 07:50:46
kX7chujFCrU,wE5_OTgj51E,330.0,340.0,"[137, 441, 500]",71.95696234017826,-86.65066471685671,2000-08-16 06:01:49
kX7chujFCrU,n87PCgYm6mE,270.0,280.0,[137],59.528547266345775,-127.25621261624332,2010-05-07 05:27:30
kX7chujFCrU,Mfs1A6swNzg,470.0,480.0,[501],41.78402291977191,-130.52848176417086,1981-02-05 03:16:24
kX7chujFCrU,SHna1ykjGB0,190.0,200.0,"[137, 254]",50.479543217262375,-104.61149953550832,2012-11-20 22:27:05
kX7chujFCrU,72f43l_5enE,0.0,10.0,[471],64.37680356650141,-133.70091383972428,2016-01-01 00:17:23
L0HS-VN9_qE,GvrJwmeLYg0,70.0,80.0,"[0, 458]",55.67384573375598,-62.671468616247225,1995-07-13 10:57:53
L0HS-VN9_qE,83W_DUSS830,410.0,420.0,"[0, 383]",57.891538003987634,-118.3836500468109,2005-06-15 13:36:46
L0HS-VN9_qE,ky_FZez8NeA,0.0,10.0,[480],67.67041046216838,-107.12560559788764,1991-07-22 00:27:31
L0HS-VN9_qE,UwCOGYHtzbQ,14.0,24.0,"[0, 137]",49.92397375750443,-73.96330976792918,2006-06-20 06:33:04
L0HS-VN9_qE,t0903OliIqE,0.0,10.0,"[0, 354]",59.30396854736485,-108.14627187716104,1993-08-17 04:36:26
L0HS-VN9_qE,tUSnod37b9Q,40.0,50.0,[137],76.44084176970361,-55.68205200975868,2021-09-11 03:16:53
L0HS-VN9_qE,WIC9ZtEWc6g,20.0,30.0,[283],81.95050996143809,-58.01943760763496,2001-01-24 13:41:20
L0HS-VN9_qE,pzVgYnsGx1k,20.0,30.0,[72],71.12643083752506,-55.11317440052491,1994-12-06 10:18:49
L0HS-VN9_qE,AOHy4Ca9bkw,0.0,10.0,"[364, 365]",48.264441442945845,-128.55548032738636,2000-06-24 10:01:48
L0HS-VN9_qE,Wiooug3f5bc,30.0,40.0,[444],66.21441791349456,-95.69656523322706,2018-08-23 06:25:39
L0wBWDNZeJo,Cc-W1gbe--U,30.0,40.0,[489],63.916715273196765,-134.7598008110157,2013-06-26 15:02:31
L0wBWDNZeJo,l5QRXA-6AXA,50.0,60.0,"[137, 493]",57.60158570594272,-56.73039026120868,2010-11-03 00:38:00
L0wBWDNZeJo,AwPgz95txYQ,8.0,18.0,"[488, 493]",50.5329835711724,-89.48687202632482,1987-06-02 00:53:04
L0wBWDNZeJo,O9_oZ_c5yFg,80.0,90.0,"[488, 300, 509]",76.91689944776428,-98.42241219321284,1996-04-13 15:04:50
L0wBWDNZeJo,i3LjPZrO5Ho,26.0,36.0,[300],65.52580814376748,-90.2425175596916,1983-03-11 14:38:48
L0wBWDNZeJo,Wmu3a5yZf0w,30.0,40.0,[343],56.916975566523234,-119.43405002923993,2006-01-19 19:19:31
L0wBWDNZeJo,-R9gJXtS07g,0.0,10.0,"[137, 493]",76.72228574585938,-56.15702331487212,2000-02-04 15:31:36
L0wBWDNZeJo,uXFPcaIDdN0,0.0,10.0,"[300, 343]",61.03590435873187,-122.721920279757,2014-07-02 10:39:13
L0wBWDNZeJo,smgPntD7sv0,10.0,20.0,"[489, 300, 510]",81.77389405264532,-63.468389010354,2009-10-07 14:19:57
L0wBWDNZeJo,nsssMnabc0s,20.0,30.0,"[379, 300]",80.07593457202228,-100.62628215110134,2012-06-25 04:57:23
L0Fpb1V6VT4,pQN9u3NB40U,10.0,20.0,[137],70.2039913962466,-122.59454940790978,2002-12-05 22:24:37
L0Fpb1V6VT4,JxmrzJP7f-E,30.0,40.0,"[137, 501]",50.67417872768716,-135.7753848631766,2008-08-14 13:06:58
L0Fpb1V6VT4,TFaUIs6HZEg,30.0,40.0,"[137, 444]",46.86367902497676,-60.600829123733504,1995-07-06 11:52:47
L0Fpb1V6VT4,TLG9DheSh-c,0.0,10.0,[137],76.43730782364986,-135.79163686661047,1998-05-05 13:16:49
L0Fpb1V6VT4,6xgrSnsFSnk,0.0,10.0,"[0, 137, 498]",61.09717649566734,-56.37833283540368,2018-10-09 17:03:21
L0Fpb1V6VT4,v4URFHeG5Gk,29.0,39.0,[72],49.35495944879053,-61.0987266095903,1990-01-27 05:24:05
L0Fpb1V6VT4,PqYCNSH-Wjo,60.0,70.0,[137],55.14433984122944,-135.82330935262834,1996-06-28 17:28:40
L0Fpb1V6VT4,oQs4NFBTxd8,50.0,60.0,"[137, 500]",52.45989567386098,-74.7682207712739,2009-03-17 02:00:06
L0Fpb1V6VT4,5RmL4RxyOXk,20.0,30.0,[137],75.66517768783677,-94.19915307241746,1986-11-19 22:12:23
L0Fpb1V6VT4,7MfzU-WhV1A,0.0,10.0,[137],80.5391804114906,-128.60952205201914,2017-06-07 09:55:00
L0-l1LIa22g,bl9bvuAV-Ao,30.0,40.0,"[137, 227]",41.73142425943797,-97.77096473263856,2006-10-08 06:30:50
L0-l1LIa22g,9JeN1ld-3fY,280.0,290.0,"[232, 137]",67.46355175111916,-115.26841560647313,2020-04-03 22:07:15
L0-l1LIa22g,hVZKJt4WzxM,20.0,30.0,[227],54.76457645053473,-121.37205638339776,2000-08-23 15:42:50
L0-l1LIa22g,S7R3NMq3MKk,90.0,100.0,"[137, 27, 228]",45.52471840847821,-136.2535552686518,1991-03-31 08:55:18
L0-l1LIa22g,jPOWgfA0zAo,30.0,40.0,"[137, 233]",58.75652541436358,-67.1265757967858,1988-01-06 14:53:38
L0-l1LIa22g,_umN_08RZVQ,50.0,60.0,"[137, 227]",68.94514045226666,-84.24012453535002,2006-02-01 17:45:28
L0-l1LIa22g,Yr9C_BSH0AE,30.0,40.0,"[0, 137, 232, 216]",49.6853244663917,-111.51418193947966,2003-07-09 11:50:34
L0-l1LIa22g,t5fW1-6iXZY,70.0,80.0,"[216, 27, 229]",52.00404682499464,-118.94511957283731,1992-04-28 05:26:05
L0-l1LIa22g,tUZB_Xf1m6k,270.0,280.0,"[232, 137, 276]",79.18094390624307,-93.98585291697982,2000-09-23 12:04:04
L0-l1LIa22g,KhoOgOTJK_M,30.0,40.0,"[137, 229]",80.51542224724062,-126.1950078710686,2010-10-04 17:46:28
